Mentor,Timezone,Matched Mentees,Mentor Email,Mentees Email
Mentor_2,Slot_1,"['Mentee_1', 'Mentee_30', 'Mentee_50', 'Mentee_71', 'Mentee_86', 'Mentee_105', 'Mentee_113', 'Mentee_131']",Mentor_2@example.com,"['Mentee_1@example.com', 'Mentee_30@example.com', 'Mentee_50@example.com', 'Mentee_71@example.com', 'Mentee_86@example.com', 'Mentee_105@example.com', 'Mentee_113@example.com', 'Mentee_131@example.com']"
Mentor_12,Slot_1,"['Mentee_2', 'Mentee_27', 'Mentee_51', 'Mentee_68', 'Mentee_85', 'Mentee_103', 'Mentee_119']",Mentor_12@example.com,"['Mentee_2@example.com', 'Mentee_27@example.com', 'Mentee_51@example.com', 'Mentee_68@example.com', 'Mentee_85@example.com', 'Mentee_103@example.com', 'Mentee_119@example.com']"
Mentor_7,Slot_1,"['Mentee_3', 'Mentee_31', 'Mentee_47', 'Mentee_56', 'Mentee_81', 'Mentee_98', 'Mentee_115']",Mentor_7@example.com,"['Mentee_3@example.com', 'Mentee_31@example.com', 'Mentee_47@example.com', 'Mentee_56@example.com', 'Mentee_81@example.com', 'Mentee_98@example.com', 'Mentee_115@example.com']"
Mentor_15,Slot_1,"['Mentee_4', 'Mentee_21', 'Mentee_37', 'Mentee_58', 'Mentee_76', 'Mentee_92', 'Mentee_111', 'Mentee_129']",Mentor_15@example.com,"['Mentee_4@example.com', 'Mentee_21@example.com', 'Mentee_37@example.com', 'Mentee_58@example.com', 'Mentee_76@example.com', 'Mentee_92@example.com', 'Mentee_111@example.com', 'Mentee_129@example.com']"
Mentor_6,Slot_1,"['Mentee_5', 'Mentee_22', 'Mentee_42', 'Mentee_66', 'Mentee_78', 'Mentee_94', 'Mentee_118']",Mentor_6@example.com,"['Mentee_5@example.com', 'Mentee_22@example.com', 'Mentee_42@example.com', 'Mentee_66@example.com', 'Mentee_78@example.com', 'Mentee_94@example.com', 'Mentee_118@example.com']"
Mentor_4,Slot_1,"['Mentee_6', 'Mentee_23', 'Mentee_49', 'Mentee_65', 'Mentee_89', 'Mentee_106', 'Mentee_121']",Mentor_4@example.com,"['Mentee_6@example.com', 'Mentee_23@example.com', 'Mentee_49@example.com', 'Mentee_65@example.com', 'Mentee_89@example.com', 'Mentee_106@example.com', 'Mentee_121@example.com']"
Mentor_14,Slot_1,"['Mentee_7', 'Mentee_24', 'Mentee_54', 'Mentee_69', 'Mentee_87', 'Mentee_101', 'Mentee_114', 'Mentee_128']",Mentor_14@example.com,"['Mentee_7@example.com', 'Mentee_24@example.com', 'Mentee_54@example.com', 'Mentee_69@example.com', 'Mentee_87@example.com', 'Mentee_101@example.com', 'Mentee_114@example.com', 'Mentee_128@example.com']"
Mentor_1,Slot_1,"['Mentee_8', 'Mentee_28', 'Mentee_40', 'Mentee_64', 'Mentee_90', 'Mentee_104', 'Mentee_122', 'Mentee_132']",Mentor_1@example.com,"['Mentee_8@example.com', 'Mentee_28@example.com', 'Mentee_40@example.com', 'Mentee_64@example.com', 'Mentee_90@example.com', 'Mentee_104@example.com', 'Mentee_122@example.com', 'Mentee_132@example.com']"
Mentor_3,Slot_1,"['Mentee_9', 'Mentee_20', 'Mentee_41', 'Mentee_62', 'Mentee_83', 'Mentee_93', 'Mentee_116', 'Mentee_130']",Mentor_3@example.com,"['Mentee_9@example.com', 'Mentee_20@example.com', 'Mentee_41@example.com', 'Mentee_62@example.com', 'Mentee_83@example.com', 'Mentee_93@example.com', 'Mentee_116@example.com', 'Mentee_130@example.com']"
Mentor_9,Slot_1,"['Mentee_10', 'Mentee_35', 'Mentee_52', 'Mentee_60', 'Mentee_84', 'Mentee_96', 'Mentee_126']",Mentor_9@example.com,"['Mentee_10@example.com', 'Mentee_35@example.com', 'Mentee_52@example.com', 'Mentee_60@example.com', 'Mentee_84@example.com', 'Mentee_96@example.com', 'Mentee_126@example.com']"
Mentor_13,Slot_1,"['Mentee_11', 'Mentee_36', 'Mentee_43', 'Mentee_67', 'Mentee_77', 'Mentee_107', 'Mentee_124']",Mentor_13@example.com,"['Mentee_11@example.com', 'Mentee_36@example.com', 'Mentee_43@example.com', 'Mentee_67@example.com', 'Mentee_77@example.com', 'Mentee_107@example.com', 'Mentee_124@example.com']"
Mentor_10,Slot_1,"['Mentee_12', 'Mentee_19', 'Mentee_44', 'Mentee_70', 'Mentee_79', 'Mentee_95', 'Mentee_110']",Mentor_10@example.com,"['Mentee_12@example.com', 'Mentee_19@example.com', 'Mentee_44@example.com', 'Mentee_70@example.com', 'Mentee_79@example.com', 'Mentee_95@example.com', 'Mentee_110@example.com']"
Mentor_16,Slot_1,"['Mentee_13', 'Mentee_29', 'Mentee_45', 'Mentee_59', 'Mentee_74', 'Mentee_100', 'Mentee_109', 'Mentee_127']",Mentor_16@example.com,"['Mentee_13@example.com', 'Mentee_29@example.com', 'Mentee_45@example.com', 'Mentee_59@example.com', 'Mentee_74@example.com', 'Mentee_100@example.com', 'Mentee_109@example.com', 'Mentee_127@example.com']"
Mentor_11,Slot_1,"['Mentee_14', 'Mentee_34', 'Mentee_48', 'Mentee_72', 'Mentee_82', 'Mentee_91', 'Mentee_120']",Mentor_11@example.com,"['Mentee_14@example.com', 'Mentee_34@example.com', 'Mentee_48@example.com', 'Mentee_72@example.com', 'Mentee_82@example.com', 'Mentee_91@example.com', 'Mentee_120@example.com']"
Mentor_18,Slot_1,"['Mentee_15', 'Mentee_26', 'Mentee_38', 'Mentee_63', 'Mentee_88', 'Mentee_97', 'Mentee_123']",Mentor_18@example.com,"['Mentee_15@example.com', 'Mentee_26@example.com', 'Mentee_38@example.com', 'Mentee_63@example.com', 'Mentee_88@example.com', 'Mentee_97@example.com', 'Mentee_123@example.com']"
Mentor_5,Slot_1,"['Mentee_16', 'Mentee_33', 'Mentee_46', 'Mentee_57', 'Mentee_73', 'Mentee_108', 'Mentee_117']",Mentor_5@example.com,"['Mentee_16@example.com', 'Mentee_33@example.com', 'Mentee_46@example.com', 'Mentee_57@example.com', 'Mentee_73@example.com', 'Mentee_108@example.com', 'Mentee_117@example.com']"
Mentor_17,Slot_1,"['Mentee_17', 'Mentee_32', 'Mentee_39', 'Mentee_61', 'Mentee_80', 'Mentee_99', 'Mentee_112']",Mentor_17@example.com,"['Mentee_17@example.com', 'Mentee_32@example.com', 'Mentee_39@example.com', 'Mentee_61@example.com', 'Mentee_80@example.com', 'Mentee_99@example.com', 'Mentee_112@example.com']"
Mentor_8,Slot_1,"['Mentee_18', 'Mentee_25', 'Mentee_53', 'Mentee_55', 'Mentee_75', 'Mentee_102', 'Mentee_125']",Mentor_8@example.com,"['Mentee_18@example.com', 'Mentee_25@example.com', 'Mentee_53@example.com', 'Mentee_55@example.com', 'Mentee_75@example.com', 'Mentee_102@example.com', 'Mentee_125@example.com']"
Mentor_27,Slot_2,"['Mentee_133', 'Mentee_148', 'Mentee_158', 'Mentee_170', 'Mentee_187', 'Mentee_193', 'Mentee_205', 'Mentee_224', 'Mentee_238', 'Mentee_248', 'Mentee_259', 'Mentee_271', 'Mentee_280', 'Mentee_289', 'Mentee_301', 'Mentee_314', 'Mentee_332', 'Mentee_339', 'Mentee_352']",Mentor_27@example.com,"['Mentee_133@example.com', 'Mentee_148@example.com', 'Mentee_158@example.com', 'Mentee_170@example.com', 'Mentee_187@example.com', 'Mentee_193@example.com', 'Mentee_205@example.com', 'Mentee_224@example.com', 'Mentee_238@example.com', 'Mentee_248@example.com', 'Mentee_259@example.com', 'Mentee_271@example.com', 'Mentee_280@example.com', 'Mentee_289@example.com', 'Mentee_301@example.com', 'Mentee_314@example.com', 'Mentee_332@example.com', 'Mentee_339@example.com', 'Mentee_352@example.com']"
Mentor_22,Slot_2,"['Mentee_134', 'Mentee_150', 'Mentee_166', 'Mentee_176', 'Mentee_188', 'Mentee_196', 'Mentee_206', 'Mentee_226', 'Mentee_239', 'Mentee_249', 'Mentee_263', 'Mentee_275', 'Mentee_284', 'Mentee_297', 'Mentee_302', 'Mentee_315', 'Mentee_335', 'Mentee_341']",Mentor_22@example.com,"['Mentee_134@example.com', 'Mentee_150@example.com', 'Mentee_166@example.com', 'Mentee_176@example.com', 'Mentee_188@example.com', 'Mentee_196@example.com', 'Mentee_206@example.com', 'Mentee_226@example.com', 'Mentee_239@example.com', 'Mentee_249@example.com', 'Mentee_263@example.com', 'Mentee_275@example.com', 'Mentee_284@example.com', 'Mentee_297@example.com', 'Mentee_302@example.com', 'Mentee_315@example.com', 'Mentee_335@example.com', 'Mentee_341@example.com']"
Mentor_23,Slot_2,"['Mentee_135', 'Mentee_151', 'Mentee_163', 'Mentee_180', 'Mentee_189', 'Mentee_202', 'Mentee_208', 'Mentee_223', 'Mentee_235', 'Mentee_244', 'Mentee_254', 'Mentee_274', 'Mentee_287', 'Mentee_294', 'Mentee_306', 'Mentee_319', 'Mentee_334', 'Mentee_340', 'Mentee_350']",Mentor_23@example.com,"['Mentee_135@example.com', 'Mentee_151@example.com', 'Mentee_163@example.com', 'Mentee_180@example.com', 'Mentee_189@example.com', 'Mentee_202@example.com', 'Mentee_208@example.com', 'Mentee_223@example.com', 'Mentee_235@example.com', 'Mentee_244@example.com', 'Mentee_254@example.com', 'Mentee_274@example.com', 'Mentee_287@example.com', 'Mentee_294@example.com', 'Mentee_306@example.com', 'Mentee_319@example.com', 'Mentee_334@example.com', 'Mentee_340@example.com', 'Mentee_350@example.com']"
Mentor_26,Slot_2,"['Mentee_136', 'Mentee_145', 'Mentee_168', 'Mentee_169', 'Mentee_181', 'Mentee_194', 'Mentee_210', 'Mentee_222', 'Mentee_240', 'Mentee_251', 'Mentee_260', 'Mentee_270', 'Mentee_281', 'Mentee_295', 'Mentee_310', 'Mentee_316', 'Mentee_329', 'Mentee_348', 'Mentee_353']",Mentor_26@example.com,"['Mentee_136@example.com', 'Mentee_145@example.com', 'Mentee_168@example.com', 'Mentee_169@example.com', 'Mentee_181@example.com', 'Mentee_194@example.com', 'Mentee_210@example.com', 'Mentee_222@example.com', 'Mentee_240@example.com', 'Mentee_251@example.com', 'Mentee_260@example.com', 'Mentee_270@example.com', 'Mentee_281@example.com', 'Mentee_295@example.com', 'Mentee_310@example.com', 'Mentee_316@example.com', 'Mentee_329@example.com', 'Mentee_348@example.com', 'Mentee_353@example.com']"
Mentor_DEMO,Slot_2,"['Mentee_137', 'Mentee_152', 'Mentee_162', 'Mentee_175', 'Mentee_190', 'Mentee_198', 'Mentee_214', 'Mentee_225', 'Mentee_229', 'Mentee_250', 'Mentee_264', 'Mentee_269', 'Mentee_282', 'Mentee_293', 'Mentee_309', 'Mentee_318', 'Mentee_330', 'Mentee_343', 'Mentee_349']",Mentor_6@example.com,"['Mentee_137@example.com', 'Mentee_152@example.com', 'Mentee_162@example.com', 'Mentee_175@example.com', 'Mentee_190@example.com', 'Mentee_198@example.com', 'Mentee_214@example.com', 'Mentee_225@example.com', 'Mentee_229@example.com', 'Mentee_250@example.com', 'Mentee_264@example.com', 'Mentee_269@example.com', 'Mentee_282@example.com', 'Mentee_293@example.com', 'Mentee_309@example.com', 'Mentee_318@example.com', 'Mentee_330@example.com', 'Mentee_343@example.com', 'Mentee_349@example.com']"
Mentor_19,Slot_2,"['Mentee_138', 'Mentee_155', 'Mentee_167', 'Mentee_171', 'Mentee_192', 'Mentee_201', 'Mentee_216', 'Mentee_218', 'Mentee_237', 'Mentee_242', 'Mentee_256', 'Mentee_265', 'Mentee_278', 'Mentee_291', 'Mentee_303', 'Mentee_324', 'Mentee_326', 'Mentee_346']",Mentor_19@example.com,"['Mentee_138@example.com', 'Mentee_155@example.com', 'Mentee_167@example.com', 'Mentee_171@example.com', 'Mentee_192@example.com', 'Mentee_201@example.com', 'Mentee_216@example.com', 'Mentee_218@example.com', 'Mentee_237@example.com', 'Mentee_242@example.com', 'Mentee_256@example.com', 'Mentee_265@example.com', 'Mentee_278@example.com', 'Mentee_291@example.com', 'Mentee_303@example.com', 'Mentee_324@example.com', 'Mentee_326@example.com', 'Mentee_346@example.com']"
Mentor_24,Slot_2,"['Mentee_139', 'Mentee_147', 'Mentee_161', 'Mentee_179', 'Mentee_186', 'Mentee_203', 'Mentee_213', 'Mentee_228', 'Mentee_231', 'Mentee_246', 'Mentee_261', 'Mentee_268', 'Mentee_283', 'Mentee_292', 'Mentee_308', 'Mentee_313', 'Mentee_336', 'Mentee_337']",Mentor_24@example.com,"['Mentee_139@example.com', 'Mentee_147@example.com', 'Mentee_161@example.com', 'Mentee_179@example.com', 'Mentee_186@example.com', 'Mentee_203@example.com', 'Mentee_213@example.com', 'Mentee_228@example.com', 'Mentee_231@example.com', 'Mentee_246@example.com', 'Mentee_261@example.com', 'Mentee_268@example.com', 'Mentee_283@example.com', 'Mentee_292@example.com', 'Mentee_308@example.com', 'Mentee_313@example.com', 'Mentee_336@example.com', 'Mentee_337@example.com']"
Mentor_25,Slot_2,"['Mentee_140', 'Mentee_154', 'Mentee_165', 'Mentee_174', 'Mentee_184', 'Mentee_197', 'Mentee_207', 'Mentee_227', 'Mentee_234', 'Mentee_243', 'Mentee_258', 'Mentee_276', 'Mentee_285', 'Mentee_299', 'Mentee_312', 'Mentee_321', 'Mentee_328', 'Mentee_347']",Mentor_25@example.com,"['Mentee_140@example.com', 'Mentee_154@example.com', 'Mentee_165@example.com', 'Mentee_174@example.com', 'Mentee_184@example.com', 'Mentee_197@example.com', 'Mentee_207@example.com', 'Mentee_227@example.com', 'Mentee_234@example.com', 'Mentee_243@example.com', 'Mentee_258@example.com', 'Mentee_276@example.com', 'Mentee_285@example.com', 'Mentee_299@example.com', 'Mentee_312@example.com', 'Mentee_321@example.com', 'Mentee_328@example.com', 'Mentee_347@example.com']"
Mentor_20,Slot_2,"['Mentee_141', 'Mentee_153', 'Mentee_164', 'Mentee_178', 'Mentee_185', 'Mentee_195', 'Mentee_212', 'Mentee_219', 'Mentee_236', 'Mentee_247', 'Mentee_255', 'Mentee_272', 'Mentee_279', 'Mentee_290', 'Mentee_305', 'Mentee_323', 'Mentee_331', 'Mentee_345']",Mentor_20@example.com,"['Mentee_141@example.com', 'Mentee_153@example.com', 'Mentee_164@example.com', 'Mentee_178@example.com', 'Mentee_185@example.com', 'Mentee_195@example.com', 'Mentee_212@example.com', 'Mentee_219@example.com', 'Mentee_236@example.com', 'Mentee_247@example.com', 'Mentee_255@example.com', 'Mentee_272@example.com', 'Mentee_279@example.com', 'Mentee_290@example.com', 'Mentee_305@example.com', 'Mentee_323@example.com', 'Mentee_331@example.com', 'Mentee_345@example.com']"
Mentor_28,Slot_2,"['Mentee_142', 'Mentee_156', 'Mentee_159', 'Mentee_173', 'Mentee_183', 'Mentee_199', 'Mentee_211', 'Mentee_221', 'Mentee_230', 'Mentee_252', 'Mentee_257', 'Mentee_273', 'Mentee_277', 'Mentee_298', 'Mentee_311', 'Mentee_322', 'Mentee_325', 'Mentee_344', 'Mentee_351']",Mentor_28@example.com,"['Mentee_142@example.com', 'Mentee_156@example.com', 'Mentee_159@example.com', 'Mentee_173@example.com', 'Mentee_183@example.com', 'Mentee_199@example.com', 'Mentee_211@example.com', 'Mentee_221@example.com', 'Mentee_230@example.com', 'Mentee_252@example.com', 'Mentee_257@example.com', 'Mentee_273@example.com', 'Mentee_277@example.com', 'Mentee_298@example.com', 'Mentee_311@example.com', 'Mentee_322@example.com', 'Mentee_325@example.com', 'Mentee_344@example.com', 'Mentee_351@example.com']"
Mentor_29,Slot_2,"['Mentee_143', 'Mentee_146', 'Mentee_157', 'Mentee_177', 'Mentee_182', 'Mentee_200', 'Mentee_215', 'Mentee_217', 'Mentee_233', 'Mentee_241', 'Mentee_253', 'Mentee_266', 'Mentee_286', 'Mentee_296', 'Mentee_307', 'Mentee_317', 'Mentee_333', 'Mentee_338']",Mentor_29@example.com,"['Mentee_143@example.com', 'Mentee_146@example.com', 'Mentee_157@example.com', 'Mentee_177@example.com', 'Mentee_182@example.com', 'Mentee_200@example.com', 'Mentee_215@example.com', 'Mentee_217@example.com', 'Mentee_233@example.com', 'Mentee_241@example.com', 'Mentee_253@example.com', 'Mentee_266@example.com', 'Mentee_286@example.com', 'Mentee_296@example.com', 'Mentee_307@example.com', 'Mentee_317@example.com', 'Mentee_333@example.com', 'Mentee_338@example.com']"
Mentor_21,Slot_2,"['Mentee_144', 'Mentee_149', 'Mentee_160', 'Mentee_172', 'Mentee_191', 'Mentee_204', 'Mentee_209', 'Mentee_220', 'Mentee_232', 'Mentee_245', 'Mentee_262', 'Mentee_267', 'Mentee_288', 'Mentee_300', 'Mentee_304', 'Mentee_320', 'Mentee_327', 'Mentee_342']",Mentor_21@example.com,"['Mentee_144@example.com', 'Mentee_149@example.com', 'Mentee_160@example.com', 'Mentee_172@example.com', 'Mentee_191@example.com', 'Mentee_204@example.com', 'Mentee_209@example.com', 'Mentee_220@example.com', 'Mentee_232@example.com', 'Mentee_245@example.com', 'Mentee_262@example.com', 'Mentee_267@example.com', 'Mentee_288@example.com', 'Mentee_300@example.com', 'Mentee_304@example.com', 'Mentee_320@example.com', 'Mentee_327@example.com', 'Mentee_342@example.com']"
Mentor_49,Slot_3,"['Mentee_354', 'Mentee_392', 'Mentee_413', 'Mentee_442', 'Mentee_467', 'Mentee_481', 'Mentee_496', 'Mentee_536', 'Mentee_539', 'Mentee_566', 'Mentee_599', 'Mentee_618']",Mentor_49@example.com,"['Mentee_354@example.com', 'Mentee_392@example.com', 'Mentee_413@example.com', 'Mentee_442@example.com', 'Mentee_467@example.com', 'Mentee_481@example.com', 'Mentee_496@example.com', 'Mentee_536@example.com', 'Mentee_539@example.com', 'Mentee_566@example.com', 'Mentee_599@example.com', 'Mentee_618@example.com']"
Mentor_48,Slot_3,"['Mentee_355', 'Mentee_395', 'Mentee_414', 'Mentee_432', 'Mentee_447', 'Mentee_470', 'Mentee_499', 'Mentee_520', 'Mentee_554', 'Mentee_562', 'Mentee_590', 'Mentee_620']",Mentor_48@example.com,"['Mentee_355@example.com', 'Mentee_395@example.com', 'Mentee_414@example.com', 'Mentee_432@example.com', 'Mentee_447@example.com', 'Mentee_470@example.com', 'Mentee_499@example.com', 'Mentee_520@example.com', 'Mentee_554@example.com', 'Mentee_562@example.com', 'Mentee_590@example.com', 'Mentee_620@example.com']"
Mentor_46,Slot_3,"['Mentee_356', 'Mentee_396', 'Mentee_403', 'Mentee_444', 'Mentee_459', 'Mentee_474', 'Mentee_502', 'Mentee_519', 'Mentee_551', 'Mentee_565', 'Mentee_597', 'Mentee_609']",Mentor_46@example.com,"['Mentee_356@example.com', 'Mentee_396@example.com', 'Mentee_403@example.com', 'Mentee_444@example.com', 'Mentee_459@example.com', 'Mentee_474@example.com', 'Mentee_502@example.com', 'Mentee_519@example.com', 'Mentee_551@example.com', 'Mentee_565@example.com', 'Mentee_597@example.com', 'Mentee_609@example.com']"
Mentor_41,Slot_3,"['Mentee_357', 'Mentee_385', 'Mentee_410', 'Mentee_441', 'Mentee_465', 'Mentee_477', 'Mentee_501', 'Mentee_523', 'Mentee_542', 'Mentee_578', 'Mentee_594', 'Mentee_616']",Mentor_41@example.com,"['Mentee_357@example.com', 'Mentee_385@example.com', 'Mentee_410@example.com', 'Mentee_441@example.com', 'Mentee_465@example.com', 'Mentee_477@example.com', 'Mentee_501@example.com', 'Mentee_523@example.com', 'Mentee_542@example.com', 'Mentee_578@example.com', 'Mentee_594@example.com', 'Mentee_616@example.com']"
Mentor_35,Slot_3,"['Mentee_358', 'Mentee_387', 'Mentee_411', 'Mentee_443', 'Mentee_451', 'Mentee_485', 'Mentee_497', 'Mentee_534', 'Mentee_559', 'Mentee_568', 'Mentee_593']",Mentor_35@example.com,"['Mentee_358@example.com', 'Mentee_387@example.com', 'Mentee_411@example.com', 'Mentee_443@example.com', 'Mentee_451@example.com', 'Mentee_485@example.com', 'Mentee_497@example.com', 'Mentee_534@example.com', 'Mentee_559@example.com', 'Mentee_568@example.com', 'Mentee_593@example.com']"
Mentor_31,Slot_3,"['Mentee_359', 'Mentee_394', 'Mentee_420', 'Mentee_430', 'Mentee_449', 'Mentee_487', 'Mentee_494', 'Mentee_517', 'Mentee_556', 'Mentee_570', 'Mentee_600']",Mentor_31@example.com,"['Mentee_359@example.com', 'Mentee_394@example.com', 'Mentee_420@example.com', 'Mentee_430@example.com', 'Mentee_449@example.com', 'Mentee_487@example.com', 'Mentee_494@example.com', 'Mentee_517@example.com', 'Mentee_556@example.com', 'Mentee_570@example.com', 'Mentee_600@example.com']"
Mentor_44,Slot_3,"['Mentee_360', 'Mentee_378', 'Mentee_401', 'Mentee_439', 'Mentee_450', 'Mentee_480', 'Mentee_495', 'Mentee_526', 'Mentee_541', 'Mentee_583', 'Mentee_604', 'Mentee_612']",Mentor_44@example.com,"['Mentee_360@example.com', 'Mentee_378@example.com', 'Mentee_401@example.com', 'Mentee_439@example.com', 'Mentee_450@example.com', 'Mentee_480@example.com', 'Mentee_495@example.com', 'Mentee_526@example.com', 'Mentee_541@example.com', 'Mentee_583@example.com', 'Mentee_604@example.com', 'Mentee_612@example.com']"
Mentor_30,Slot_3,"['Mentee_361', 'Mentee_382', 'Mentee_402', 'Mentee_429', 'Mentee_448', 'Mentee_476', 'Mentee_507', 'Mentee_528', 'Mentee_546', 'Mentee_561', 'Mentee_589']",Mentor_30@example.com,"['Mentee_361@example.com', 'Mentee_382@example.com', 'Mentee_402@example.com', 'Mentee_429@example.com', 'Mentee_448@example.com', 'Mentee_476@example.com', 'Mentee_507@example.com', 'Mentee_528@example.com', 'Mentee_546@example.com', 'Mentee_561@example.com', 'Mentee_589@example.com']"
Mentor_38,Slot_3,"['Mentee_362', 'Mentee_388', 'Mentee_405', 'Mentee_424', 'Mentee_458', 'Mentee_469', 'Mentee_511', 'Mentee_529', 'Mentee_543', 'Mentee_567', 'Mentee_598', 'Mentee_617']",Mentor_38@example.com,"['Mentee_362@example.com', 'Mentee_388@example.com', 'Mentee_405@example.com', 'Mentee_424@example.com', 'Mentee_458@example.com', 'Mentee_469@example.com', 'Mentee_511@example.com', 'Mentee_529@example.com', 'Mentee_543@example.com', 'Mentee_567@example.com', 'Mentee_598@example.com', 'Mentee_617@example.com']"
Mentor_33,Slot_3,"['Mentee_363', 'Mentee_399', 'Mentee_421', 'Mentee_428', 'Mentee_452', 'Mentee_491', 'Mentee_514', 'Mentee_524', 'Mentee_558', 'Mentee_573', 'Mentee_585', 'Mentee_613']",Mentor_33@example.com,"['Mentee_363@example.com', 'Mentee_399@example.com', 'Mentee_421@example.com', 'Mentee_428@example.com', 'Mentee_452@example.com', 'Mentee_491@example.com', 'Mentee_514@example.com', 'Mentee_524@example.com', 'Mentee_558@example.com', 'Mentee_573@example.com', 'Mentee_585@example.com', 'Mentee_613@example.com']"
Mentor_45,Slot_3,"['Mentee_364', 'Mentee_386', 'Mentee_404', 'Mentee_423', 'Mentee_457', 'Mentee_472', 'Mentee_508', 'Mentee_516', 'Mentee_540', 'Mentee_574', 'Mentee_588', 'Mentee_607']",Mentor_45@example.com,"['Mentee_364@example.com', 'Mentee_386@example.com', 'Mentee_404@example.com', 'Mentee_423@example.com', 'Mentee_457@example.com', 'Mentee_472@example.com', 'Mentee_508@example.com', 'Mentee_516@example.com', 'Mentee_540@example.com', 'Mentee_574@example.com', 'Mentee_588@example.com', 'Mentee_607@example.com']"
Mentor_34,Slot_3,"['Mentee_365', 'Mentee_390', 'Mentee_400', 'Mentee_431', 'Mentee_456', 'Mentee_486', 'Mentee_503', 'Mentee_537', 'Mentee_548', 'Mentee_579', 'Mentee_596', 'Mentee_610']",Mentor_34@example.com,"['Mentee_365@example.com', 'Mentee_390@example.com', 'Mentee_400@example.com', 'Mentee_431@example.com', 'Mentee_456@example.com', 'Mentee_486@example.com', 'Mentee_503@example.com', 'Mentee_537@example.com', 'Mentee_548@example.com', 'Mentee_579@example.com', 'Mentee_596@example.com', 'Mentee_610@example.com']"
Mentor_50,Slot_3,"['Mentee_366', 'Mentee_393', 'Mentee_409', 'Mentee_436', 'Mentee_464', 'Mentee_482', 'Mentee_492', 'Mentee_518', 'Mentee_544', 'Mentee_572', 'Mentee_592']",Mentor_50@example.com,"['Mentee_366@example.com', 'Mentee_393@example.com', 'Mentee_409@example.com', 'Mentee_436@example.com', 'Mentee_464@example.com', 'Mentee_482@example.com', 'Mentee_492@example.com', 'Mentee_518@example.com', 'Mentee_544@example.com', 'Mentee_572@example.com', 'Mentee_592@example.com']"
Mentor_37,Slot_3,"['Mentee_367', 'Mentee_398', 'Mentee_419', 'Mentee_425', 'Mentee_453', 'Mentee_489', 'Mentee_505', 'Mentee_527', 'Mentee_557', 'Mentee_563', 'Mentee_595']",Mentor_37@example.com,"['Mentee_367@example.com', 'Mentee_398@example.com', 'Mentee_419@example.com', 'Mentee_425@example.com', 'Mentee_453@example.com', 'Mentee_489@example.com', 'Mentee_505@example.com', 'Mentee_527@example.com', 'Mentee_557@example.com', 'Mentee_563@example.com', 'Mentee_595@example.com']"
Mentor_51,Slot_3,"['Mentee_368', 'Mentee_380', 'Mentee_415', 'Mentee_426', 'Mentee_455', 'Mentee_479', 'Mentee_506', 'Mentee_531', 'Mentee_538', 'Mentee_569', 'Mentee_602', 'Mentee_611']",Mentor_51@example.com,"['Mentee_368@example.com', 'Mentee_380@example.com', 'Mentee_415@example.com', 'Mentee_426@example.com', 'Mentee_455@example.com', 'Mentee_479@example.com', 'Mentee_506@example.com', 'Mentee_531@example.com', 'Mentee_538@example.com', 'Mentee_569@example.com', 'Mentee_602@example.com', 'Mentee_611@example.com']"
Mentor_39,Slot_3,"['Mentee_369', 'Mentee_383', 'Mentee_407', 'Mentee_434', 'Mentee_463', 'Mentee_483', 'Mentee_500', 'Mentee_521', 'Mentee_547', 'Mentee_564', 'Mentee_584', 'Mentee_615']",Mentor_39@example.com,"['Mentee_369@example.com', 'Mentee_383@example.com', 'Mentee_407@example.com', 'Mentee_434@example.com', 'Mentee_463@example.com', 'Mentee_483@example.com', 'Mentee_500@example.com', 'Mentee_521@example.com', 'Mentee_547@example.com', 'Mentee_564@example.com', 'Mentee_584@example.com', 'Mentee_615@example.com']"
Mentor_47,Slot_3,"['Mentee_370', 'Mentee_397', 'Mentee_422', 'Mentee_440', 'Mentee_468', 'Mentee_471', 'Mentee_504', 'Mentee_530', 'Mentee_552', 'Mentee_582', 'Mentee_586']",Mentor_47@example.com,"['Mentee_370@example.com', 'Mentee_397@example.com', 'Mentee_422@example.com', 'Mentee_440@example.com', 'Mentee_468@example.com', 'Mentee_471@example.com', 'Mentee_504@example.com', 'Mentee_530@example.com', 'Mentee_552@example.com', 'Mentee_582@example.com', 'Mentee_586@example.com']"
Mentor_40,Slot_3,"['Mentee_371', 'Mentee_379', 'Mentee_412', 'Mentee_437', 'Mentee_454', 'Mentee_490', 'Mentee_512', 'Mentee_533', 'Mentee_550', 'Mentee_577', 'Mentee_601', 'Mentee_614']",Mentor_40@example.com,"['Mentee_371@example.com', 'Mentee_379@example.com', 'Mentee_412@example.com', 'Mentee_437@example.com', 'Mentee_454@example.com', 'Mentee_490@example.com', 'Mentee_512@example.com', 'Mentee_533@example.com', 'Mentee_550@example.com', 'Mentee_577@example.com', 'Mentee_601@example.com', 'Mentee_614@example.com']"
Mentor_36,Slot_3,"['Mentee_372', 'Mentee_384', 'Mentee_417', 'Mentee_435', 'Mentee_466', 'Mentee_475', 'Mentee_510', 'Mentee_535', 'Mentee_553', 'Mentee_576', 'Mentee_606', 'Mentee_621']",Mentor_36@example.com,"['Mentee_372@example.com', 'Mentee_384@example.com', 'Mentee_417@example.com', 'Mentee_435@example.com', 'Mentee_466@example.com', 'Mentee_475@example.com', 'Mentee_510@example.com', 'Mentee_535@example.com', 'Mentee_553@example.com', 'Mentee_576@example.com', 'Mentee_606@example.com', 'Mentee_621@example.com']"
Mentor_43,Slot_3,"['Mentee_373', 'Mentee_377', 'Mentee_408', 'Mentee_433', 'Mentee_462', 'Mentee_473', 'Mentee_498', 'Mentee_522', 'Mentee_545', 'Mentee_581', 'Mentee_591', 'Mentee_619']",Mentor_43@example.com,"['Mentee_373@example.com', 'Mentee_377@example.com', 'Mentee_408@example.com', 'Mentee_433@example.com', 'Mentee_462@example.com', 'Mentee_473@example.com', 'Mentee_498@example.com', 'Mentee_522@example.com', 'Mentee_545@example.com', 'Mentee_581@example.com', 'Mentee_591@example.com', 'Mentee_619@example.com']"
Mentor_42,Slot_3,"['Mentee_374', 'Mentee_391', 'Mentee_416', 'Mentee_438', 'Mentee_446', 'Mentee_488', 'Mentee_493', 'Mentee_525', 'Mentee_560', 'Mentee_571', 'Mentee_605', 'Mentee_608']",Mentor_42@example.com,"['Mentee_374@example.com', 'Mentee_391@example.com', 'Mentee_416@example.com', 'Mentee_438@example.com', 'Mentee_446@example.com', 'Mentee_488@example.com', 'Mentee_493@example.com', 'Mentee_525@example.com', 'Mentee_560@example.com', 'Mentee_571@example.com', 'Mentee_605@example.com', 'Mentee_608@example.com']"
Mentor_52,Slot_3,"['Mentee_375', 'Mentee_389', 'Mentee_418', 'Mentee_445', 'Mentee_461', 'Mentee_484', 'Mentee_509', 'Mentee_532', 'Mentee_549', 'Mentee_580', 'Mentee_603']",Mentor_52@example.com,"['Mentee_375@example.com', 'Mentee_389@example.com', 'Mentee_418@example.com', 'Mentee_445@example.com', 'Mentee_461@example.com', 'Mentee_484@example.com', 'Mentee_509@example.com', 'Mentee_532@example.com', 'Mentee_549@example.com', 'Mentee_580@example.com', 'Mentee_603@example.com']"
Mentor_32,Slot_3,"['Mentee_376', 'Mentee_381', 'Mentee_406', 'Mentee_427', 'Mentee_460', 'Mentee_478', 'Mentee_513', 'Mentee_515', 'Mentee_555', 'Mentee_575', 'Mentee_587', 'Mentee_622']",Mentor_32@example.com,"['Mentee_376@example.com', 'Mentee_381@example.com', 'Mentee_406@example.com', 'Mentee_427@example.com', 'Mentee_460@example.com', 'Mentee_478@example.com', 'Mentee_513@example.com', 'Mentee_515@example.com', 'Mentee_555@example.com', 'Mentee_575@example.com', 'Mentee_587@example.com', 'Mentee_622@example.com']"
Mentor_83,Slot_4,"['Mentee_623', 'Mentee_679', 'Mentee_721', 'Mentee_760', 'Mentee_795', 'Mentee_847', 'Mentee_879']",Mentor_83@example.com,"['Mentee_623@example.com', 'Mentee_679@example.com', 'Mentee_721@example.com', 'Mentee_760@example.com', 'Mentee_795@example.com', 'Mentee_847@example.com', 'Mentee_879@example.com']"
Mentor_64,Slot_4,"['Mentee_624', 'Mentee_675', 'Mentee_729', 'Mentee_756', 'Mentee_788', 'Mentee_833']",Mentor_64@example.com,"['Mentee_624@example.com', 'Mentee_675@example.com', 'Mentee_729@example.com', 'Mentee_756@example.com', 'Mentee_788@example.com', 'Mentee_833@example.com']"
Mentor_86,Slot_4,"['Mentee_625', 'Mentee_687', 'Mentee_718', 'Mentee_755', 'Mentee_808', 'Mentee_834', 'Mentee_869']",Mentor_86@example.com,"['Mentee_625@example.com', 'Mentee_687@example.com', 'Mentee_718@example.com', 'Mentee_755@example.com', 'Mentee_808@example.com', 'Mentee_834@example.com', 'Mentee_869@example.com']"
Mentor_93,Slot_4,"['Mentee_626', 'Mentee_669', 'Mentee_706', 'Mentee_752', 'Mentee_817', 'Mentee_843']",Mentor_93@example.com,"['Mentee_626@example.com', 'Mentee_669@example.com', 'Mentee_706@example.com', 'Mentee_752@example.com', 'Mentee_817@example.com', 'Mentee_843@example.com']"
Mentor_71,Slot_4,"['Mentee_627', 'Mentee_683', 'Mentee_724', 'Mentee_765', 'Mentee_810', 'Mentee_842']",Mentor_71@example.com,"['Mentee_627@example.com', 'Mentee_683@example.com', 'Mentee_724@example.com', 'Mentee_765@example.com', 'Mentee_810@example.com', 'Mentee_842@example.com']"
Mentor_67,Slot_4,"['Mentee_628', 'Mentee_666', 'Mentee_708', 'Mentee_754', 'Mentee_816', 'Mentee_868', 'Mentee_881']",Mentor_67@example.com,"['Mentee_628@example.com', 'Mentee_666@example.com', 'Mentee_708@example.com', 'Mentee_754@example.com', 'Mentee_816@example.com', 'Mentee_868@example.com', 'Mentee_881@example.com']"
Mentor_85,Slot_4,"['Mentee_629', 'Mentee_682', 'Mentee_705', 'Mentee_747', 'Mentee_806', 'Mentee_829', 'Mentee_874']",Mentor_85@example.com,"['Mentee_629@example.com', 'Mentee_682@example.com', 'Mentee_705@example.com', 'Mentee_747@example.com', 'Mentee_806@example.com', 'Mentee_829@example.com', 'Mentee_874@example.com']"
Mentor_53,Slot_4,"['Mentee_630', 'Mentee_668', 'Mentee_735', 'Mentee_751', 'Mentee_818', 'Mentee_839', 'Mentee_877']",Mentor_53@example.com,"['Mentee_630@example.com', 'Mentee_668@example.com', 'Mentee_735@example.com', 'Mentee_751@example.com', 'Mentee_818@example.com', 'Mentee_839@example.com', 'Mentee_877@example.com']"
Mentor_62,Slot_4,"['Mentee_631', 'Mentee_676', 'Mentee_731', 'Mentee_746', 'Mentee_799', 'Mentee_835', 'Mentee_876']",Mentor_62@example.com,"['Mentee_631@example.com', 'Mentee_676@example.com', 'Mentee_731@example.com', 'Mentee_746@example.com', 'Mentee_799@example.com', 'Mentee_835@example.com', 'Mentee_876@example.com']"
Mentor_73,Slot_4,"['Mentee_632', 'Mentee_672', 'Mentee_738', 'Mentee_771', 'Mentee_791', 'Mentee_838']",Mentor_73@example.com,"['Mentee_632@example.com', 'Mentee_672@example.com', 'Mentee_738@example.com', 'Mentee_771@example.com', 'Mentee_791@example.com', 'Mentee_838@example.com']"
Mentor_66,Slot_4,"['Mentee_633', 'Mentee_664', 'Mentee_732', 'Mentee_757', 'Mentee_792', 'Mentee_852']",Mentor_66@example.com,"['Mentee_633@example.com', 'Mentee_664@example.com', 'Mentee_732@example.com', 'Mentee_757@example.com', 'Mentee_792@example.com', 'Mentee_852@example.com']"
Mentor_56,Slot_4,"['Mentee_634', 'Mentee_677', 'Mentee_723', 'Mentee_750', 'Mentee_800', 'Mentee_867', 'Mentee_875']",Mentor_56@example.com,"['Mentee_634@example.com', 'Mentee_677@example.com', 'Mentee_723@example.com', 'Mentee_750@example.com', 'Mentee_800@example.com', 'Mentee_867@example.com', 'Mentee_875@example.com']"
Mentor_79,Slot_4,"['Mentee_635', 'Mentee_665', 'Mentee_730', 'Mentee_749', 'Mentee_796', 'Mentee_830', 'Mentee_873']",Mentor_79@example.com,"['Mentee_635@example.com', 'Mentee_665@example.com', 'Mentee_730@example.com', 'Mentee_749@example.com', 'Mentee_796@example.com', 'Mentee_830@example.com', 'Mentee_873@example.com']"
Mentor_81,Slot_4,"['Mentee_636', 'Mentee_667', 'Mentee_717', 'Mentee_782', 'Mentee_821', 'Mentee_853']",Mentor_81@example.com,"['Mentee_636@example.com', 'Mentee_667@example.com', 'Mentee_717@example.com', 'Mentee_782@example.com', 'Mentee_821@example.com', 'Mentee_853@example.com']"
Mentor_54,Slot_4,"['Mentee_637', 'Mentee_696', 'Mentee_739', 'Mentee_786', 'Mentee_824', 'Mentee_861']",Mentor_54@example.com,"['Mentee_637@example.com', 'Mentee_696@example.com', 'Mentee_739@example.com', 'Mentee_786@example.com', 'Mentee_824@example.com', 'Mentee_861@example.com']"
Mentor_78,Slot_4,"['Mentee_638', 'Mentee_688', 'Mentee_737', 'Mentee_785', 'Mentee_827', 'Mentee_851']",Mentor_78@example.com,"['Mentee_638@example.com', 'Mentee_688@example.com', 'Mentee_737@example.com', 'Mentee_785@example.com', 'Mentee_827@example.com', 'Mentee_851@example.com']"
Mentor_72,Slot_4,"['Mentee_639', 'Mentee_691', 'Mentee_712', 'Mentee_769', 'Mentee_812', 'Mentee_848']",Mentor_72@example.com,"['Mentee_639@example.com', 'Mentee_691@example.com', 'Mentee_712@example.com', 'Mentee_769@example.com', 'Mentee_812@example.com', 'Mentee_848@example.com']"
Mentor_55,Slot_4,"['Mentee_640', 'Mentee_693', 'Mentee_707', 'Mentee_748', 'Mentee_802', 'Mentee_846']",Mentor_55@example.com,"['Mentee_640@example.com', 'Mentee_693@example.com', 'Mentee_707@example.com', 'Mentee_748@example.com', 'Mentee_802@example.com', 'Mentee_846@example.com']"
Mentor_80,Slot_4,"['Mentee_641', 'Mentee_684', 'Mentee_713', 'Mentee_777', 'Mentee_805', 'Mentee_828']",Mentor_80@example.com,"['Mentee_641@example.com', 'Mentee_684@example.com', 'Mentee_713@example.com', 'Mentee_777@example.com', 'Mentee_805@example.com', 'Mentee_828@example.com']"
Mentor_65,Slot_4,"['Mentee_642', 'Mentee_703', 'Mentee_736', 'Mentee_770', 'Mentee_797', 'Mentee_866']",Mentor_65@example.com,"['Mentee_642@example.com', 'Mentee_703@example.com', 'Mentee_736@example.com', 'Mentee_770@example.com', 'Mentee_797@example.com', 'Mentee_866@example.com']"
Mentor_87,Slot_4,"['Mentee_643', 'Mentee_680', 'Mentee_720', 'Mentee_784', 'Mentee_811', 'Mentee_845', 'Mentee_880']",Mentor_87@example.com,"['Mentee_643@example.com', 'Mentee_680@example.com', 'Mentee_720@example.com', 'Mentee_784@example.com', 'Mentee_811@example.com', 'Mentee_845@example.com', 'Mentee_880@example.com']"
Mentor_57,Slot_4,"['Mentee_644', 'Mentee_697', 'Mentee_728', 'Mentee_775', 'Mentee_822', 'Mentee_831']",Mentor_57@example.com,"['Mentee_644@example.com', 'Mentee_697@example.com', 'Mentee_728@example.com', 'Mentee_775@example.com', 'Mentee_822@example.com', 'Mentee_831@example.com']"
Mentor_76,Slot_4,"['Mentee_645', 'Mentee_704', 'Mentee_726', 'Mentee_767', 'Mentee_804', 'Mentee_849']",Mentor_76@example.com,"['Mentee_645@example.com', 'Mentee_704@example.com', 'Mentee_726@example.com', 'Mentee_767@example.com', 'Mentee_804@example.com', 'Mentee_849@example.com']"
Mentor_60,Slot_4,"['Mentee_646', 'Mentee_699', 'Mentee_711', 'Mentee_759', 'Mentee_809', 'Mentee_864']",Mentor_60@example.com,"['Mentee_646@example.com', 'Mentee_699@example.com', 'Mentee_711@example.com', 'Mentee_759@example.com', 'Mentee_809@example.com', 'Mentee_864@example.com']"
Mentor_63,Slot_4,"['Mentee_647', 'Mentee_685', 'Mentee_715', 'Mentee_778', 'Mentee_825', 'Mentee_844']",Mentor_63@example.com,"['Mentee_647@example.com', 'Mentee_685@example.com', 'Mentee_715@example.com', 'Mentee_778@example.com', 'Mentee_825@example.com', 'Mentee_844@example.com']"
Mentor_68,Slot_4,"['Mentee_648', 'Mentee_700', 'Mentee_709', 'Mentee_753', 'Mentee_813', 'Mentee_860']",Mentor_68@example.com,"['Mentee_648@example.com', 'Mentee_700@example.com', 'Mentee_709@example.com', 'Mentee_753@example.com', 'Mentee_813@example.com', 'Mentee_860@example.com']"
Mentor_89,Slot_4,"['Mentee_649', 'Mentee_671', 'Mentee_716', 'Mentee_758', 'Mentee_820', 'Mentee_854']",Mentor_89@example.com,"['Mentee_649@example.com', 'Mentee_671@example.com', 'Mentee_716@example.com', 'Mentee_758@example.com', 'Mentee_820@example.com', 'Mentee_854@example.com']"
Mentor_74,Slot_4,"['Mentee_650', 'Mentee_686', 'Mentee_734', 'Mentee_763', 'Mentee_787', 'Mentee_832', 'Mentee_870']",Mentor_74@example.com,"['Mentee_650@example.com', 'Mentee_686@example.com', 'Mentee_734@example.com', 'Mentee_763@example.com', 'Mentee_787@example.com', 'Mentee_832@example.com', 'Mentee_870@example.com']"
Mentor_84,Slot_4,"['Mentee_651', 'Mentee_695', 'Mentee_740', 'Mentee_766', 'Mentee_803', 'Mentee_836', 'Mentee_871']",Mentor_84@example.com,"['Mentee_651@example.com', 'Mentee_695@example.com', 'Mentee_740@example.com', 'Mentee_766@example.com', 'Mentee_803@example.com', 'Mentee_836@example.com', 'Mentee_871@example.com']"
Mentor_69,Slot_4,"['Mentee_652', 'Mentee_673', 'Mentee_742', 'Mentee_762', 'Mentee_794', 'Mentee_857']",Mentor_69@example.com,"['Mentee_652@example.com', 'Mentee_673@example.com', 'Mentee_742@example.com', 'Mentee_762@example.com', 'Mentee_794@example.com', 'Mentee_857@example.com']"
Mentor_61,Slot_4,"['Mentee_653', 'Mentee_701', 'Mentee_710', 'Mentee_761', 'Mentee_814', 'Mentee_855']",Mentor_61@example.com,"['Mentee_653@example.com', 'Mentee_701@example.com', 'Mentee_710@example.com', 'Mentee_761@example.com', 'Mentee_814@example.com', 'Mentee_855@example.com']"
Mentor_59,Slot_4,"['Mentee_654', 'Mentee_678', 'Mentee_741', 'Mentee_779', 'Mentee_823', 'Mentee_859']",Mentor_59@example.com,"['Mentee_654@example.com', 'Mentee_678@example.com', 'Mentee_741@example.com', 'Mentee_779@example.com', 'Mentee_823@example.com', 'Mentee_859@example.com']"
Mentor_75,Slot_4,"['Mentee_655', 'Mentee_690', 'Mentee_727', 'Mentee_783', 'Mentee_798', 'Mentee_840', 'Mentee_872']",Mentor_75@example.com,"['Mentee_655@example.com', 'Mentee_690@example.com', 'Mentee_727@example.com', 'Mentee_783@example.com', 'Mentee_798@example.com', 'Mentee_840@example.com', 'Mentee_872@example.com']"
Mentor_77,Slot_4,"['Mentee_656', 'Mentee_674', 'Mentee_733', 'Mentee_773', 'Mentee_815', 'Mentee_865', 'Mentee_878']",Mentor_77@example.com,"['Mentee_656@example.com', 'Mentee_674@example.com', 'Mentee_733@example.com', 'Mentee_773@example.com', 'Mentee_815@example.com', 'Mentee_865@example.com', 'Mentee_878@example.com']"
Mentor_88,Slot_4,"['Mentee_657', 'Mentee_702', 'Mentee_719', 'Mentee_768', 'Mentee_826', 'Mentee_863']",Mentor_88@example.com,"['Mentee_657@example.com', 'Mentee_702@example.com', 'Mentee_719@example.com', 'Mentee_768@example.com', 'Mentee_826@example.com', 'Mentee_863@example.com']"
Mentor_92,Slot_4,"['Mentee_658', 'Mentee_692', 'Mentee_745', 'Mentee_780', 'Mentee_789', 'Mentee_841']",Mentor_92@example.com,"['Mentee_658@example.com', 'Mentee_692@example.com', 'Mentee_745@example.com', 'Mentee_780@example.com', 'Mentee_789@example.com', 'Mentee_841@example.com']"
Mentor_82,Slot_4,"['Mentee_659', 'Mentee_694', 'Mentee_725', 'Mentee_776', 'Mentee_819', 'Mentee_856']",Mentor_82@example.com,"['Mentee_659@example.com', 'Mentee_694@example.com', 'Mentee_725@example.com', 'Mentee_776@example.com', 'Mentee_819@example.com', 'Mentee_856@example.com']"
Mentor_91,Slot_4,"['Mentee_660', 'Mentee_670', 'Mentee_744', 'Mentee_772', 'Mentee_801', 'Mentee_850']",Mentor_91@example.com,"['Mentee_660@example.com', 'Mentee_670@example.com', 'Mentee_744@example.com', 'Mentee_772@example.com', 'Mentee_801@example.com', 'Mentee_850@example.com']"
Mentor_58,Slot_4,"['Mentee_661', 'Mentee_689', 'Mentee_722', 'Mentee_764', 'Mentee_793', 'Mentee_837']",Mentor_58@example.com,"['Mentee_661@example.com', 'Mentee_689@example.com', 'Mentee_722@example.com', 'Mentee_764@example.com', 'Mentee_793@example.com', 'Mentee_837@example.com']"
Mentor_90,Slot_4,"['Mentee_662', 'Mentee_698', 'Mentee_743', 'Mentee_781', 'Mentee_790', 'Mentee_862']",Mentor_90@example.com,"['Mentee_662@example.com', 'Mentee_698@example.com', 'Mentee_743@example.com', 'Mentee_781@example.com', 'Mentee_790@example.com', 'Mentee_862@example.com']"
Mentor_70,Slot_4,"['Mentee_663', 'Mentee_681', 'Mentee_714', 'Mentee_774', 'Mentee_807', 'Mentee_858']",Mentor_70@example.com,"['Mentee_663@example.com', 'Mentee_681@example.com', 'Mentee_714@example.com', 'Mentee_774@example.com', 'Mentee_807@example.com', 'Mentee_858@example.com']"
Mentor_104,Slot_5,"['Mentee_882', 'Mentee_908', 'Mentee_930', 'Mentee_954', 'Mentee_967', 'Mentee_982']",Mentor_104@example.com,"['Mentee_882@example.com', 'Mentee_908@example.com', 'Mentee_930@example.com', 'Mentee_954@example.com', 'Mentee_967@example.com', 'Mentee_982@example.com']"
Mentor_95,Slot_5,"['Mentee_883', 'Mentee_905', 'Mentee_939', 'Mentee_950', 'Mentee_971']",Mentor_95@example.com,"['Mentee_883@example.com', 'Mentee_905@example.com', 'Mentee_939@example.com', 'Mentee_950@example.com', 'Mentee_971@example.com']"
Mentor_103,Slot_5,"['Mentee_884', 'Mentee_917', 'Mentee_936', 'Mentee_957', 'Mentee_963']",Mentor_103@example.com,"['Mentee_884@example.com', 'Mentee_917@example.com', 'Mentee_936@example.com', 'Mentee_957@example.com', 'Mentee_963@example.com']"
Mentor_113,Slot_5,"['Mentee_885', 'Mentee_911', 'Mentee_925', 'Mentee_956', 'Mentee_965']",Mentor_113@example.com,"['Mentee_885@example.com', 'Mentee_911@example.com', 'Mentee_925@example.com', 'Mentee_956@example.com', 'Mentee_965@example.com']"
Mentor_94,Slot_5,"['Mentee_886', 'Mentee_916', 'Mentee_923', 'Mentee_942', 'Mentee_979']",Mentor_94@example.com,"['Mentee_886@example.com', 'Mentee_916@example.com', 'Mentee_923@example.com', 'Mentee_942@example.com', 'Mentee_979@example.com']"
Mentor_96,Slot_5,"['Mentee_887', 'Mentee_914', 'Mentee_927', 'Mentee_952', 'Mentee_975', 'Mentee_989']",Mentor_96@example.com,"['Mentee_887@example.com', 'Mentee_914@example.com', 'Mentee_927@example.com', 'Mentee_952@example.com', 'Mentee_975@example.com', 'Mentee_989@example.com']"
Mentor_109,Slot_5,"['Mentee_888', 'Mentee_903', 'Mentee_935', 'Mentee_949', 'Mentee_973']",Mentor_109@example.com,"['Mentee_888@example.com', 'Mentee_903@example.com', 'Mentee_935@example.com', 'Mentee_949@example.com', 'Mentee_973@example.com']"
Mentor_102,Slot_5,"['Mentee_889', 'Mentee_906', 'Mentee_938', 'Mentee_948', 'Mentee_964']",Mentor_102@example.com,"['Mentee_889@example.com', 'Mentee_906@example.com', 'Mentee_938@example.com', 'Mentee_948@example.com', 'Mentee_964@example.com']"
Mentor_110,Slot_5,"['Mentee_890', 'Mentee_909', 'Mentee_924', 'Mentee_947', 'Mentee_974', 'Mentee_983']",Mentor_110@example.com,"['Mentee_890@example.com', 'Mentee_909@example.com', 'Mentee_924@example.com', 'Mentee_947@example.com', 'Mentee_974@example.com', 'Mentee_983@example.com']"
Mentor_97,Slot_5,"['Mentee_891', 'Mentee_919', 'Mentee_931', 'Mentee_944', 'Mentee_969', 'Mentee_988']",Mentor_97@example.com,"['Mentee_891@example.com', 'Mentee_919@example.com', 'Mentee_931@example.com', 'Mentee_944@example.com', 'Mentee_969@example.com', 'Mentee_988@example.com']"
Mentor_105,Slot_5,"['Mentee_892', 'Mentee_920', 'Mentee_922', 'Mentee_943', 'Mentee_972', 'Mentee_986']",Mentor_105@example.com,"['Mentee_892@example.com', 'Mentee_920@example.com', 'Mentee_922@example.com', 'Mentee_943@example.com', 'Mentee_972@example.com', 'Mentee_986@example.com']"
Mentor_108,Slot_5,"['Mentee_893', 'Mentee_907', 'Mentee_934', 'Mentee_958', 'Mentee_962']",Mentor_108@example.com,"['Mentee_893@example.com', 'Mentee_907@example.com', 'Mentee_934@example.com', 'Mentee_958@example.com', 'Mentee_962@example.com']"
Mentor_107,Slot_5,"['Mentee_894', 'Mentee_902', 'Mentee_933', 'Mentee_953', 'Mentee_976']",Mentor_107@example.com,"['Mentee_894@example.com', 'Mentee_902@example.com', 'Mentee_933@example.com', 'Mentee_953@example.com', 'Mentee_976@example.com']"
Mentor_106,Slot_5,"['Mentee_895', 'Mentee_918', 'Mentee_928', 'Mentee_945', 'Mentee_978']",Mentor_106@example.com,"['Mentee_895@example.com', 'Mentee_918@example.com', 'Mentee_928@example.com', 'Mentee_945@example.com', 'Mentee_978@example.com']"
Mentor_111,Slot_5,"['Mentee_896', 'Mentee_913', 'Mentee_926', 'Mentee_951', 'Mentee_966', 'Mentee_985']",Mentor_111@example.com,"['Mentee_896@example.com', 'Mentee_913@example.com', 'Mentee_926@example.com', 'Mentee_951@example.com', 'Mentee_966@example.com', 'Mentee_985@example.com']"
Mentor_99,Slot_5,"['Mentee_897', 'Mentee_915', 'Mentee_937', 'Mentee_959', 'Mentee_968', 'Mentee_987']",Mentor_99@example.com,"['Mentee_897@example.com', 'Mentee_915@example.com', 'Mentee_937@example.com', 'Mentee_959@example.com', 'Mentee_968@example.com', 'Mentee_987@example.com']"
Mentor_98,Slot_5,"['Mentee_898', 'Mentee_910', 'Mentee_940', 'Mentee_960', 'Mentee_977']",Mentor_98@example.com,"['Mentee_898@example.com', 'Mentee_910@example.com', 'Mentee_940@example.com', 'Mentee_960@example.com', 'Mentee_977@example.com']"
Mentor_101,Slot_5,"['Mentee_899', 'Mentee_921', 'Mentee_941', 'Mentee_961', 'Mentee_981']",Mentor_101@example.com,"['Mentee_899@example.com', 'Mentee_921@example.com', 'Mentee_941@example.com', 'Mentee_961@example.com', 'Mentee_981@example.com']"
Mentor_100,Slot_5,"['Mentee_900', 'Mentee_904', 'Mentee_932', 'Mentee_946', 'Mentee_970', 'Mentee_984']",Mentor_100@example.com,"['Mentee_900@example.com', 'Mentee_904@example.com', 'Mentee_932@example.com', 'Mentee_946@example.com', 'Mentee_970@example.com', 'Mentee_984@example.com']"
Mentor_112,Slot_5,"['Mentee_901', 'Mentee_912', 'Mentee_929', 'Mentee_955', 'Mentee_980']",Mentor_112@example.com,"['Mentee_901@example.com', 'Mentee_912@example.com', 'Mentee_929@example.com', 'Mentee_955@example.com', 'Mentee_980@example.com']"
